SNR,Transmission Loss,Beam Pattern
SNR,Transmission Loss,Beam Pattern
SNR,Transmission Loss,Beam Pattern
SNR,Transmission Loss,Beam Pattern
SNR,Transmission Loss,Beam Pattern
SNR,Transmission Loss,Beam Pattern
SNR,Transmission Loss,Beam Pattern
SNR,Transmission Loss,Beam Pattern
SNR,Transmission Loss,Beam Pattern
SNR,Transmission Loss,Beam Pattern
SNR,Transmission Loss,Beam Pattern
SNR,Transmission Loss,Beam Pattern
SNR,Transmission Loss,Beam Pattern
SNR,Transmission Loss,Beam Pattern
SNR,Transmission Loss,Beam Pattern
SNR,Transmission Loss,Beam Pattern
SNR,Transmission Loss,Beam Pattern
SNR,Transmission Loss,Beam Pattern
SNR,Transmission Loss,Beam Pattern
SNR,Transmission Loss,Beam Pattern
SNR,Transmission Loss,Beam Pattern
SNR,Transmission Loss,Beam Pattern
SNR,Transmission Loss,Beam Pattern
SNR,Transmission Loss,Beam Pattern
SNR,Transmission Loss,Beam Pattern
SNR,Transmission Loss,Beam Pattern
SNR,Transmission Loss,Beam Pattern
SNR,Transmission Loss,Beam Pattern
SNR,Transmission Loss,Beam Pattern
SNR,Transmission Loss,Beam Pattern
SNR,Transmission Loss,Beam Pattern
SNR,Transmission Loss,Beam Pattern
SNR,Transmission Loss,Beam Pattern
SNR,Transmission Loss,Beam Pattern
SNR,Transmission Loss,Beam Pattern
SNR,Transmission Loss,Beam Pattern
SNR,Transmission Loss,Beam Pattern
SNR,Transmission Loss,Beam Pattern
SNR,Transmission Loss,Beam Pattern
SNR,Transmission Loss,Beam Pattern
SNR,Transmission Loss,Beam Pattern
SNR,Transmission Loss,Beam Pattern
SNR,Transmission Loss,Beam Pattern
SNR,Transmission Loss,Beam Pattern
SNR,Transmission Loss,Beam Pattern
SNR,Transmission Loss,Beam Pattern
SNR,Transmission Loss,Beam Pattern
SNR,Transmission Loss,Beam Pattern
SNR,Transmission Loss,Beam Pattern
SNR,Transmission Loss,Beam Pattern
SNR,Transmission Loss,Beam Pattern
SNR,Transmission Loss,Beam Pattern
SNR,Transmission Loss,Beam Pattern
SNR,Transmission Loss,Beam Pattern
SNR,Transmission Loss,Beam Pattern
SNR,Transmission Loss,Beam Pattern
SNR,Transmission Loss,Beam Pattern
SNR,Transmission Loss,Beam Pattern
SNR,Transmission Loss,Beam Pattern
SNR,Transmission Loss,Beam Pattern
SNR,Transmission Loss,Beam Pattern
SNR,Transmission Loss,Beam Pattern
SNR,Transmission Loss,Beam Pattern
SNR,Transmission Loss,Beam Pattern
SNR,Transmission Loss,Beam Pattern
SNR,Transmission Loss,Beam Pattern
SNR,Transmission Loss,Beam Pattern
SNR,Transmission Loss,Beam Pattern
SNR,Transmission Loss,Beam Pattern
SNR,Transmission Loss,Beam Pattern
SNR,Transmission Loss,Beam Pattern
SNR,Transmission Loss,Beam Pattern
SNR,Transmission Loss,Beam Pattern
SNR,Transmission Loss,Beam Pattern
SNR,Transmission Loss,Beam Pattern
SNR,Transmission Loss,Beam Pattern
SNR,Transmission Loss,Beam Pattern
SNR,Transmission Loss,Beam Pattern
SNR,Transmission Loss,Beam Pattern
SNR,Transmission Loss,Beam Pattern
SNR,Transmission Loss,Beam Pattern
SNR,Transmission Loss,Beam Pattern
SNR,Transmission Loss,Beam Pattern
SNR,Transmission Loss,Beam Pattern
SNR,Transmission Loss,Beam Pattern
SNR,Transmission Loss,Beam Pattern
SNR,Transmission Loss,Beam Pattern
<<<<<<< Updated upstream
SNR,Transmission Loss,Beam Pattern
SNR,Transmission Loss,Beam Pattern
SNR,Transmission Loss,Beam Pattern
SNR,Transmission Loss,Beam Pattern
SNR,Transmission Loss,Beam Pattern
SNR,Transmission Loss,Beam Pattern
SNR,Transmission Loss,Beam Pattern
SNR,Transmission Loss,Beam Pattern
SNR,Transmission Loss,Beam Pattern
SNR,Transmission Loss,Beam Pattern
SNR,Transmission Loss,Beam Pattern
SNR,Transmission Loss,Beam Pattern
SNR,Transmission Loss,Beam Pattern
SNR,Transmission Loss,Beam Pattern
SNR,Transmission Loss,Beam Pattern
SNR,Transmission Loss,Beam Pattern
SNR,Transmission Loss,Beam Pattern
SNR,Transmission Loss,Beam Pattern
SNR,Transmission Loss,Beam Pattern
SNR,Transmission Loss,Beam Pattern
SNR,Transmission Loss,Beam Pattern
SNR,Transmission Loss,Beam Pattern
SNR,Transmission Loss,Beam Pattern
SNR,Transmission Loss,Beam Pattern
SNR,Transmission Loss,Beam Pattern
SNR,Transmission Loss,Beam Pattern
SNR,Transmission Loss,Beam Pattern
SNR,Transmission Loss,Beam Pattern
SNR,Transmission Loss,Beam Pattern
SNR,Transmission Loss,Beam Pattern
SNR,Transmission Loss,Beam Pattern
SNR,Transmission Loss,Beam Pattern
SNR,Transmission Loss,Beam Pattern
SNR,Transmission Loss,Beam Pattern
SNR,Transmission Loss,Beam Pattern
SNR,Transmission Loss,Beam Pattern
SNR,Transmission Loss,Beam Pattern
SNR,Transmission Loss,Beam Pattern
SNR,Transmission Loss,Beam Pattern
SNR,Transmission Loss,Beam Pattern
SNR,Transmission Loss,Beam Pattern
SNR,Transmission Loss,Beam Pattern
SNR,Transmission Loss,Beam Pattern
SNR,Transmission Loss,Beam Pattern
=======
>>>>>>> Stashed changes
SNR,Transmission Loss,Beam Pattern
SNR,Transmission Loss,Beam Pattern
SNR,Transmission Loss,Beam Pattern
SNR,Transmission Loss,Beam Pattern
SNR,Transmission Loss,Beam Pattern
SNR,Transmission Loss,Beam Pattern
SNR,Transmission Loss,Beam Pattern
SNR,Transmission Loss,Beam Pattern
SNR,Transmission Loss,Beam Pattern
SNR,Transmission Loss,Beam Pattern
SNR,Transmission Loss,Beam Pattern
SNR,Transmission Loss,Beam Pattern
SNR,Transmission Loss,Beam Pattern
SNR,Transmission Loss,Beam Pattern
SNR,Transmission Loss,Beam Pattern
SNR,Transmission Loss,Beam Pattern
SNR,Transmission Loss,Beam Pattern
SNR,Transmission Loss,Beam Pattern
SNR,Transmission Loss,Beam Pattern
SNR,Transmission Loss,Beam Pattern
SNR,Transmission Loss,Beam Pattern
SNR,Transmission Loss,Beam Pattern
SNR,Transmission Loss,Beam Pattern
SNR,Transmission Loss,Beam Pattern
SNR,Transmission Loss,Beam Pattern
SNR,Transmission Loss,Beam Pattern
SNR,Transmission Loss,Beam Pattern
SNR,Transmission Loss,Beam Pattern
SNR,Transmission Loss,Beam Pattern
SNR,Transmission Loss,Beam Pattern
SNR,Transmission Loss,Beam Pattern
SNR,Transmission Loss,Beam Pattern
SNR,Transmission Loss,Beam Pattern
SNR,Transmission Loss,Beam Pattern
SNR,Transmission Loss,Beam Pattern
SNR,Transmission Loss,Beam Pattern
SNR,Transmission Loss,Beam Pattern
SNR,Transmission Loss,Beam Pattern
SNR,Transmission Loss,Beam Pattern
SNR,Transmission Loss,Beam Pattern
SNR,Transmission Loss,Beam Pattern
SNR,Transmission Loss,Beam Pattern
SNR,Transmission Loss,Beam Pattern
SNR,Transmission Loss,Beam Pattern
SNR,Transmission Loss,Beam Pattern
SNR,Transmission Loss,Beam Pattern
SNR,Transmission Loss,Beam Pattern
SNR,Transmission Loss,Beam Pattern
SNR,Transmission Loss,Beam Pattern
SNR,Transmission Loss,Beam Pattern
SNR,Transmission Loss,Beam Pattern
SNR,Transmission Loss,Beam Pattern
SNR,Transmission Loss,Beam Pattern
SNR,Transmission Loss,Beam Pattern
SNR,Transmission Loss,Beam Pattern
SNR,Transmission Loss,Beam Pattern
SNR,Transmission Loss,Beam Pattern
SNR,Transmission Loss,Beam Pattern
SNR,Transmission Loss,Beam Pattern
SNR,Transmission Loss,Beam Pattern
SNR,Transmission Loss,Beam Pattern
SNR,Transmission Loss,Beam Pattern
SNR,Transmission Loss,Beam Pattern
SNR,Transmission Loss,Beam Pattern
SNR,Transmission Loss,Beam Pattern
SNR,Transmission Loss,Beam Pattern
SNR,Transmission Loss,Beam Pattern
SNR,Transmission Loss,Beam Pattern
SNR,Transmission Loss,Beam Pattern
SNR,Transmission Loss,Beam Pattern
SNR,Transmission Loss,Beam Pattern
SNR,Transmission Loss,Beam Pattern
SNR,Transmission Loss,Beam Pattern
SNR,Transmission Loss,Beam Pattern
SNR,Transmission Loss,Beam Pattern
SNR,Transmission Loss,Beam Pattern
SNR,Transmission Loss,Beam Pattern
